{"O15FzNhu9Az/cAiJd/X1Tw==":"mbr.jpg","wzidloMrha3tuSON+OV1Cw==":"mbr-1.jpg","00BW39Si66OLdHFjOlLjOg==":"mbr-2.jpg","Os6SbRrXMyPzoNHUE0rxtA==":"mbr-3.jpg","6JnhaBxNLUx0hrD/d6DdWg==":"mbr-4.jpg","C7zHc8O5aA2/Ag1LEoj9AQ==":"mbr-5.jpg","5s7WKKnuK+RtxSX3vj448A==":"mbr-6.jpg","PHB/1eAMwahcAUsTGTgVUQ==":"mbr-7.jpg","hfFPONAjpiRDPjEzheriqQ==":"mbr-8.jpg","Zvnw74/Gq54m5z/PIJ9arA==":"mbr-9.jpg","+wA6QFb1nVbqrTHFZRD6/Q==":"mbr-10.jpg","A3v3x8AZ+LeCvpsvSgL18g==":"mbr-11.jpg","WRduCwPeYfDipgCeEay8dw==":"mbr-12.jpg","7VHIInRjHgn8wjWXUct74Q==":"saveta-removebg-preview.png"}